<?xml version="1.0"?>

<project name="JavaNCSS">
<!--  <publishDate position="left"/>-->
  <bannerLeft>
    <name>JavaNCSS</name>
    <href>http://www.kclee.de/clemens/java/javancss/</href>
  </bannerLeft>
  <publishDate position="left" format="yyyy-MM-dd"/>
  <version position="left" />

  <body>
    <links>
      <item name="Maven" href="http://maven.apache.org/"/>
<!--      <item name="Ant" href="http://ant.apache.org/"/>
      <item name="Chr. Clemens Lee" href="http://www.kclee.de/clemens/java/"/>-->
    </links>

    <menu name="General Information">
      <item name="Home" href="/index.html"/>
      <item name="Development" href="/development.html"/>
      <item name="TODO" href="/todo.html"/>
    </menu>

    ${reports}

  </body>
</project>
