<?xml version="1.0" encoding="UTF-8"?>

<assembly xmlns="http://maven.apache.org/plugins/maven-assembly-plugin/assembly/1.1.0" xmlns:xsi="http://www.w3.org/2001/XMLSchema-instance" xsi:schemaLocation="http://maven.apache.org/plugins/maven-assembly-plugin/assembly/1.1.0 http://maven.apache.org/xsd/assembly-1.1.0.xsd">
  <id></id>
  <formats>
    <format>zip</format>
  </formats>

  <fileSets>

    <fileSet>
      <includes>
        <include>build.xml</include>
        <include>COPYING</include>
        <include>javancss.dtd</include>
        <include>pom.xml</include>
        <include>README.TXT</include>
        <include>bin/javancss.bat</include>
        <include>doc/</include>
        <include>icons/</include>
        <include>lib/</include>
        <include>src/</include>
        <include>test/</include>
        <include>xslt/</include>
      </includes>
    </fileSet>

    <fileSet>
      <includes>
        <include>bin/javancss</include>
        <include>bin/mvn_package_site.sh</include>
      </includes>
      <fileMode>755</fileMode>
    </fileSet>
  </fileSets>

  <files>
    <file>
      <source>target/javancss-${project.version}.jar</source>
      <outputDirectory>lib</outputDirectory>
      <destName>javancss.jar</destName>
    </file>
  </files>

</assembly>
